<?xml version="1.0"?>
<Workbook xmlns="urn:schemas-microsoft-com:office:spreadsheet"
 xmlns:o="urn:schemas-microsoft-com:office:office"
 xmlns:x="urn:schemas-microsoft-com:office:excel"
 xmlns:ss="urn:schemas-microsoft-com:office:spreadsheet"
 xmlns:html="http://www.w3.org/TR/REC-html40">
 <DocumentProperties xmlns="urn:schemas-microsoft-com:office:office">
  <Author>Shaun Axani</Author>
  <LastAuthor>Shaun Axani</LastAuthor>
  <Created>2016-11-08T22:21:03Z</Created>
  <LastSaved>2016-11-08T22:23:24Z</LastSaved>
  <Version>14.0</Version>
 </DocumentProperties>
 <OfficeDocumentSettings xmlns="urn:schemas-microsoft-com:office:office">
  <AllowPNG/>
 </OfficeDocumentSettings>
 <ExcelWorkbook xmlns="urn:schemas-microsoft-com:office:excel">
  <WindowHeight>13700</WindowHeight>
  <WindowWidth>25600</WindowWidth>
  <WindowTopX>0</WindowTopX>
  <WindowTopY>0</WindowTopY>
  <ProtectStructure>False</ProtectStructure>
  <ProtectWindows>False</ProtectWindows>
 </ExcelWorkbook>
 <Styles>
  <Style ss:ID="Default" ss:Name="Normal">
   <Alignment ss:Vertical="Bottom"/>
   <Borders/>
   <Font ss:FontName="Calibri" x:Family="Swiss" ss:Size="12" ss:Color="#000000"/>
   <Interior/>
   <NumberFormat/>
   <Protection/>
  </Style>
  <Style ss:ID="s63" ss:Name="Hyperlink">
   <Font ss:FontName="Calibri" x:Family="Swiss" ss:Size="12" ss:Color="#0000D4"
    ss:Underline="Single"/>
  </Style>
  <Style ss:ID="s69">
   <Font ss:FontName="Calibri" ss:Size="12"/>
  </Style>
  <Style ss:ID="s70">
   <Font ss:Size="12" ss:Bold="1"/>
  </Style>
  <Style ss:ID="s71" ss:Parent="s63">
   <Font ss:FontName="Calibri" x:Family="Swiss" ss:Size="12" ss:Underline="Single"/>
  </Style>
  <Style ss:ID="s72">
   <Font ss:Size="12"/>
  </Style>
  <Style ss:ID="s73">
   <Font ss:Size="12"/>
   <NumberFormat ss:Format="Percent"/>
  </Style>
  <Style ss:ID="s75">
   <Font ss:FontName="Calibri" x:Family="Swiss" ss:Size="12" ss:Underline="Single"/>
  </Style>
 </Styles>
 <Worksheet ss:Name="Donaldson.txt">
  <Table ss:ExpandedColumnCount="21" ss:ExpandedRowCount="8" x:FullColumns="1"
   x:FullRows="1" ss:StyleID="s69" ss:DefaultColumnWidth="65"
   ss:DefaultRowHeight="15">
   <Row>
    <Cell ss:StyleID="s70"><Data ss:Type="String">Season</Data></Cell>
    <Cell ss:StyleID="s70"><Data ss:Type="String">Team</Data></Cell>
    <Cell ss:StyleID="s71" ss:HRef="javascript:doNothing();"><Data ss:Type="String">G</Data></Cell>
    <Cell ss:StyleID="s71" ss:HRef="javascript:doNothing();"><Data ss:Type="String">PA</Data></Cell>
    <Cell ss:StyleID="s71" ss:HRef="javascript:doNothing();"><Data ss:Type="String">HR</Data></Cell>
    <Cell ss:StyleID="s71" ss:HRef="javascript:doNothing();"><Data ss:Type="String">R</Data></Cell>
    <Cell ss:StyleID="s71" ss:HRef="javascript:doNothing();"><Data ss:Type="String">RBI</Data></Cell>
    <Cell ss:StyleID="s71" ss:HRef="javascript:doNothing();"><Data ss:Type="String">SB</Data></Cell>
    <Cell ss:StyleID="s71" ss:HRef="javascript:doNothing();"><Data ss:Type="String">BB%</Data></Cell>
    <Cell ss:StyleID="s71" ss:HRef="javascript:doNothing();"><Data ss:Type="String">K%</Data></Cell>
    <Cell ss:StyleID="s71" ss:HRef="javascript:doNothing();"><Data ss:Type="String">ISO</Data></Cell>
    <Cell ss:StyleID="s71" ss:HRef="javascript:doNothing();"><Data ss:Type="String">BABIP</Data></Cell>
    <Cell ss:StyleID="s71" ss:HRef="javascript:doNothing();"><Data ss:Type="String">AVG</Data></Cell>
    <Cell ss:StyleID="s71" ss:HRef="javascript:doNothing();"><Data ss:Type="String">OBP</Data></Cell>
    <Cell ss:StyleID="s71" ss:HRef="javascript:doNothing();"><Data ss:Type="String">SLG</Data></Cell>
    <Cell ss:StyleID="s71" ss:HRef="javascript:doNothing();"><Data ss:Type="String">wOBA</Data></Cell>
    <Cell ss:StyleID="s71" ss:HRef="javascript:doNothing();"><Data ss:Type="String">wRC+</Data></Cell>
    <Cell ss:StyleID="s71" ss:HRef="javascript:doNothing();"><Data ss:Type="String">BsR</Data></Cell>
    <Cell ss:StyleID="s71" ss:HRef="javascript:doNothing();"><Data ss:Type="String">Off</Data></Cell>
    <Cell ss:StyleID="s71" ss:HRef="javascript:doNothing();"><Data ss:Type="String">Def</Data></Cell>
    <Cell ss:StyleID="s71" ss:HRef="javascript:doNothing();"><Data ss:Type="String">WAR</Data></Cell>
   </Row>
   <Row>
    <Cell ss:StyleID="s71"><Data ss:Type="Number">2012</Data></Cell>
    <Cell ss:StyleID="s71" ss:HRef="http://www.fangraphs.com/leaders.aspx?pos=all&amp;stats=bat&amp;lg=all&amp;qual=0&amp;type=8&amp;season=2012&amp;month=0&amp;season1=2012&amp;ind=0&amp;team=10&amp;rost=0&amp;age=0&amp;filter=&amp;players=0"><Data
      ss:Type="String">Athletics</Data></Cell>
    <Cell ss:StyleID="s72"><Data ss:Type="Number">75</Data></Cell>
    <Cell ss:StyleID="s72"><Data ss:Type="Number">294</Data></Cell>
    <Cell ss:StyleID="s72"><Data ss:Type="Number">9</Data></Cell>
    <Cell ss:StyleID="s72"><Data ss:Type="Number">34</Data></Cell>
    <Cell ss:StyleID="s72"><Data ss:Type="Number">33</Data></Cell>
    <Cell ss:StyleID="s72"><Data ss:Type="Number">4</Data></Cell>
    <Cell ss:StyleID="s73"><Data ss:Type="Number">4.8000000000000001E-2</Data></Cell>
    <Cell ss:StyleID="s73"><Data ss:Type="Number">0.20699999999999999</Data></Cell>
    <Cell ss:StyleID="s72"><Data ss:Type="Number">0.157</Data></Cell>
    <Cell ss:StyleID="s72"><Data ss:Type="Number">0.27800000000000002</Data></Cell>
    <Cell ss:StyleID="s72"><Data ss:Type="Number">0.24099999999999999</Data></Cell>
    <Cell ss:StyleID="s72"><Data ss:Type="Number">0.28899999999999998</Data></Cell>
    <Cell ss:StyleID="s72"><Data ss:Type="Number">0.39800000000000002</Data></Cell>
    <Cell ss:StyleID="s72"><Data ss:Type="Number">0.3</Data></Cell>
    <Cell ss:StyleID="s72"><Data ss:Type="Number">90</Data></Cell>
    <Cell ss:StyleID="s72"><Data ss:Type="Number">1.2</Data></Cell>
    <Cell ss:StyleID="s72"><Data ss:Type="Number">-2.2999999999999998</Data></Cell>
    <Cell ss:StyleID="s72"><Data ss:Type="Number">6.8</Data></Cell>
    <Cell ss:StyleID="s72"><Data ss:Type="Number">1.5</Data></Cell>
   </Row>
   <Row>
    <Cell ss:StyleID="s71"><Data ss:Type="Number">2013</Data></Cell>
    <Cell ss:StyleID="s71" ss:HRef="http://www.fangraphs.com/leaders.aspx?pos=all&amp;stats=bat&amp;lg=all&amp;qual=0&amp;type=8&amp;season=2013&amp;month=0&amp;season1=2013&amp;ind=0&amp;team=10&amp;rost=0&amp;age=0&amp;filter=&amp;players=0"><Data
      ss:Type="String">Athletics</Data></Cell>
    <Cell ss:StyleID="s72"><Data ss:Type="Number">158</Data></Cell>
    <Cell ss:StyleID="s72"><Data ss:Type="Number">668</Data></Cell>
    <Cell ss:StyleID="s72"><Data ss:Type="Number">24</Data></Cell>
    <Cell ss:StyleID="s72"><Data ss:Type="Number">89</Data></Cell>
    <Cell ss:StyleID="s72"><Data ss:Type="Number">93</Data></Cell>
    <Cell ss:StyleID="s72"><Data ss:Type="Number">5</Data></Cell>
    <Cell ss:StyleID="s73"><Data ss:Type="Number">0.114</Data></Cell>
    <Cell ss:StyleID="s73"><Data ss:Type="Number">0.16500000000000001</Data></Cell>
    <Cell ss:StyleID="s72"><Data ss:Type="Number">0.19900000000000001</Data></Cell>
    <Cell ss:StyleID="s72"><Data ss:Type="Number">0.33300000000000002</Data></Cell>
    <Cell ss:StyleID="s72"><Data ss:Type="Number">0.30099999999999999</Data></Cell>
    <Cell ss:StyleID="s72"><Data ss:Type="Number">0.38400000000000001</Data></Cell>
    <Cell ss:StyleID="s72"><Data ss:Type="Number">0.499</Data></Cell>
    <Cell ss:StyleID="s72"><Data ss:Type="Number">0.38400000000000001</Data></Cell>
    <Cell ss:StyleID="s72"><Data ss:Type="Number">147</Data></Cell>
    <Cell ss:StyleID="s72"><Data ss:Type="Number">0.4</Data></Cell>
    <Cell ss:StyleID="s72"><Data ss:Type="Number">36.4</Data></Cell>
    <Cell ss:StyleID="s72"><Data ss:Type="Number">12.1</Data></Cell>
    <Cell ss:StyleID="s72"><Data ss:Type="Number">7.6</Data></Cell>
   </Row>
   <Row>
    <Cell ss:StyleID="s71"><Data ss:Type="Number">2014</Data></Cell>
    <Cell ss:StyleID="s71" ss:HRef="http://www.fangraphs.com/leaders.aspx?pos=all&amp;stats=bat&amp;lg=all&amp;qual=0&amp;type=8&amp;season=2014&amp;month=0&amp;season1=2014&amp;ind=0&amp;team=10&amp;rost=0&amp;age=0&amp;filter=&amp;players=0"><Data
      ss:Type="String">Athletics</Data></Cell>
    <Cell ss:StyleID="s72"><Data ss:Type="Number">158</Data></Cell>
    <Cell ss:StyleID="s72"><Data ss:Type="Number">695</Data></Cell>
    <Cell ss:StyleID="s72"><Data ss:Type="Number">29</Data></Cell>
    <Cell ss:StyleID="s72"><Data ss:Type="Number">93</Data></Cell>
    <Cell ss:StyleID="s72"><Data ss:Type="Number">98</Data></Cell>
    <Cell ss:StyleID="s72"><Data ss:Type="Number">8</Data></Cell>
    <Cell ss:StyleID="s73"><Data ss:Type="Number">0.109</Data></Cell>
    <Cell ss:StyleID="s73"><Data ss:Type="Number">0.187</Data></Cell>
    <Cell ss:StyleID="s72"><Data ss:Type="Number">0.20100000000000001</Data></Cell>
    <Cell ss:StyleID="s72"><Data ss:Type="Number">0.27800000000000002</Data></Cell>
    <Cell ss:StyleID="s72"><Data ss:Type="Number">0.255</Data></Cell>
    <Cell ss:StyleID="s72"><Data ss:Type="Number">0.34200000000000003</Data></Cell>
    <Cell ss:StyleID="s72"><Data ss:Type="Number">0.45600000000000002</Data></Cell>
    <Cell ss:StyleID="s72"><Data ss:Type="Number">0.35099999999999998</Data></Cell>
    <Cell ss:StyleID="s72"><Data ss:Type="Number">130</Data></Cell>
    <Cell ss:StyleID="s72"><Data ss:Type="Number">-1.6</Data></Cell>
    <Cell ss:StyleID="s72"><Data ss:Type="Number">21.1</Data></Cell>
    <Cell ss:StyleID="s72"><Data ss:Type="Number">16.7</Data></Cell>
    <Cell ss:StyleID="s72"><Data ss:Type="Number">6.6</Data></Cell>
   </Row>
   <Row>
    <Cell ss:StyleID="s71"><Data ss:Type="Number">2015</Data></Cell>
    <Cell ss:StyleID="s71" ss:HRef="http://www.fangraphs.com/leaders.aspx?pos=all&amp;stats=bat&amp;lg=all&amp;qual=0&amp;type=8&amp;season=2015&amp;month=0&amp;season1=2015&amp;ind=0&amp;team=14&amp;rost=0&amp;age=0&amp;filter=&amp;players=0"><Data
      ss:Type="String">Blue Jays</Data></Cell>
    <Cell ss:StyleID="s72"><Data ss:Type="Number">158</Data></Cell>
    <Cell ss:StyleID="s72"><Data ss:Type="Number">711</Data></Cell>
    <Cell ss:StyleID="s72"><Data ss:Type="Number">41</Data></Cell>
    <Cell ss:StyleID="s72"><Data ss:Type="Number">122</Data></Cell>
    <Cell ss:StyleID="s72"><Data ss:Type="Number">123</Data></Cell>
    <Cell ss:StyleID="s72"><Data ss:Type="Number">6</Data></Cell>
    <Cell ss:StyleID="s73"><Data ss:Type="Number">0.10299999999999999</Data></Cell>
    <Cell ss:StyleID="s73"><Data ss:Type="Number">0.187</Data></Cell>
    <Cell ss:StyleID="s72"><Data ss:Type="Number">0.27100000000000002</Data></Cell>
    <Cell ss:StyleID="s72"><Data ss:Type="Number">0.314</Data></Cell>
    <Cell ss:StyleID="s72"><Data ss:Type="Number">0.29699999999999999</Data></Cell>
    <Cell ss:StyleID="s72"><Data ss:Type="Number">0.371</Data></Cell>
    <Cell ss:StyleID="s72"><Data ss:Type="Number">0.56799999999999995</Data></Cell>
    <Cell ss:StyleID="s72"><Data ss:Type="Number">0.39800000000000002</Data></Cell>
    <Cell ss:StyleID="s72"><Data ss:Type="Number">154</Data></Cell>
    <Cell ss:StyleID="s72"><Data ss:Type="Number">4</Data></Cell>
    <Cell ss:StyleID="s72"><Data ss:Type="Number">48.3</Data></Cell>
    <Cell ss:StyleID="s72"><Data ss:Type="Number">10.7</Data></Cell>
    <Cell ss:StyleID="s72"><Data ss:Type="Number">8.6999999999999993</Data></Cell>
   </Row>
   <Row>
    <Cell ss:StyleID="s71"><Data ss:Type="Number">2016</Data></Cell>
    <Cell ss:StyleID="s71" ss:HRef="http://www.fangraphs.com/leaders.aspx?pos=all&amp;stats=bat&amp;lg=all&amp;qual=0&amp;type=8&amp;season=2016&amp;month=0&amp;season1=2016&amp;ind=0&amp;team=14&amp;rost=0&amp;age=0&amp;filter=&amp;players=0"><Data
      ss:Type="String">Blue Jays</Data></Cell>
    <Cell ss:StyleID="s72"><Data ss:Type="Number">155</Data></Cell>
    <Cell ss:StyleID="s72"><Data ss:Type="Number">700</Data></Cell>
    <Cell ss:StyleID="s72"><Data ss:Type="Number">37</Data></Cell>
    <Cell ss:StyleID="s72"><Data ss:Type="Number">122</Data></Cell>
    <Cell ss:StyleID="s72"><Data ss:Type="Number">99</Data></Cell>
    <Cell ss:StyleID="s72"><Data ss:Type="Number">7</Data></Cell>
    <Cell ss:StyleID="s73"><Data ss:Type="Number">0.156</Data></Cell>
    <Cell ss:StyleID="s73"><Data ss:Type="Number">0.17</Data></Cell>
    <Cell ss:StyleID="s72"><Data ss:Type="Number">0.26500000000000001</Data></Cell>
    <Cell ss:StyleID="s72"><Data ss:Type="Number">0.3</Data></Cell>
    <Cell ss:StyleID="s72"><Data ss:Type="Number">0.28399999999999997</Data></Cell>
    <Cell ss:StyleID="s72"><Data ss:Type="Number">0.40400000000000003</Data></Cell>
    <Cell ss:StyleID="s72"><Data ss:Type="Number">0.54900000000000004</Data></Cell>
    <Cell ss:StyleID="s72"><Data ss:Type="Number">0.40300000000000002</Data></Cell>
    <Cell ss:StyleID="s72"><Data ss:Type="Number">155</Data></Cell>
    <Cell ss:StyleID="s72"><Data ss:Type="Number">0.2</Data></Cell>
    <Cell ss:StyleID="s72"><Data ss:Type="Number">46.3</Data></Cell>
    <Cell ss:StyleID="s72"><Data ss:Type="Number">4.2</Data></Cell>
    <Cell ss:StyleID="s72"><Data ss:Type="Number">7.6</Data></Cell>
   </Row>
   <Row>
    <Cell ss:StyleID="s75"/>
    <Cell ss:StyleID="s75"/>
   </Row>
   <Row>
    <Cell ss:StyleID="s75"/>
    <Cell ss:StyleID="s75"/>
   </Row>
  </Table>
  <WorksheetOptions xmlns="urn:schemas-microsoft-com:office:excel">
   <PageLayoutZoom>0</PageLayoutZoom>
   <Selected/>
   <Panes>
    <Pane>
     <Number>3</Number>
     <ActiveRow>20</ActiveRow>
     <ActiveCol>4</ActiveCol>
    </Pane>
   </Panes>
   <ProtectObjects>False</ProtectObjects>
   <ProtectScenarios>False</ProtectScenarios>
  </WorksheetOptions>
 </Worksheet>
</Workbook>
